{
  "contacts": [
    {
      "fullname": "ایمان",
      "photo": "https://toplearn.com/img/user/teachers/15633_2402cc6d-1d17-6a22-e6cc-39e3248f13a4_%D8%A7%DB%8C%D9%85%D8%A7%D9%86_%D9%85%D8%AF%D8%A7%D8%A6%D9%86%DB%8C.jpg",
      "mobile": "09121112425",
      "email": "iman@madaeny.com",
      "job": "برنامه نویس",
      "group": "1",
      "id": 2
    },
    {
      "fullname": "یونس قربانی",
      "photo": "https://toplearn.com/img/user/teachers/25033_1593aba2-5cb5-6add-a31f-39e35253dd2a_%DB%8C%D9%88%D9%86%D8%B3_%D9%82%D8%B1%D8%A8%D8%A7%D9%86%DB%8C.jpg",
      "mobile": "09368889985",
      "email": "younes.gh@chmail.ir",
      "job": "برنامه نویس",
      "group": "1",
      "id": 3
    },
    {
      "fullname": "سجاد باقرزاده",
      "photo": "https://toplearn.com/img/user/teachers/user-profile-%DB%8C%DA%A9-%D8%B4%D9%86%D8%A8%D9%87-%DB%B2%DB%B7-%D9%85%D8%B1%D8%AF%D8%A7%D8%AF-%DB%B1%DB%B3%DB%B9%DB%B8-90912499-707.jpg",
      "mobile": "09115478987",
      "email": "sajjad@bagherzade.com",
      "job": "برنامه نویس و مدرس برنامه نویسان",
      "group": "2",
      "id": 4
    },
    {
      "fullname": "محمد اردوخانی",
      "photo": "https://toplearn.com/img/user/teachers/5330_8314f4b2-34a0-8873-aaf8-39e35e71fa6b_%D9%85%D8%AD%D9%85%D8%AF_%D8%A7%D8%B1%D8%AF%D9%88%D8%AE%D8%A7%D9%86%DB%8C.png",
      "mobile": "09368789658",
      "email": "mohammad@ordokhani.ir",
      "job": "برنامه نویس",
      "group": "1",
      "id": 5
    },
    {
      "fullname": "متین احمدی پور",
      "photo": "https://lh3.googleusercontent.com/a/AGNmyxYjxGpWSdonGKP3jDw6zVcPKUsQXLS3_n40NX9D=s360",
      "mobile": 2132131231231232,
      "email": "matinahp8181@gmail.com",
      "job": "برنامه نویس",
      "group": "1",
      "id": 8
    }
  ],
  "groups": [
    {
      "id": "1",
      "name": "همکار"
    },
    {
      "id": "2",
      "name": "دوست"
    },
    {
      "id": "3",
      "name": "فامیل"
    },
    {
      "id": "4",
      "name": "سرویس"
    },
    {
      "id": "5",
      "name": "آشنا"
    }
  ]
}